{"current":{"display_preloader":true,"pre_loader_img":"shopify:\/\/shop_images\/144.gif","preloader_bg":"#000000","favicon":"shopify:\/\/shop_images\/coffee_4dc39d01-2f8a-4e26-b35c-1202b7201a5f.png","body_font":"Google+Outfit","base_font":"Google+Josefin+Sans","primary_color":"#262626","secondary_color":"#000000","primary_font":"#000000","secondary_font":"#fff","blue":"#4b4b4b","brown":"#a7897b","border_color":"#272727","mailchimp_form_action":"https:\/\/us18.list-manage.com\/contact-form?u=28c97e9fc6b2e6214af7bd19c&form_id=1f1f3185abc040a9c4e1626b43a72353","popup_newsletter_show":true,"newsletter_title":"Sign up our newsletter","popup_newsletter_description":"Subscribe our newsletters now and stay up-to-date with new collections","cookie_style":"bottom_to_right","link_url":"shopify:\/\/pages\/terms-conditions","c_btn_txt":"Accept","social_twitter_link":"https:\/\/twitter.com\/shopify","social_facebook_link":"https:\/\/facebook.com\/shopify","social_instagram_link":"http:\/\/instagram.com\/shopify","social_youtube_link":"https:\/\/www.youtube.com\/shopify","predictive_search_enabled":true,"checkout_logo_image":"shopify:\/\/shop_images\/CoffeeStore.png","third_font":"Google+Playfair+Display","s_leftimg":"shopify:\/\/shop_images\/left-leaf.png","s_rightimg":"shopify:\/\/shop_images\/right-leaf.png","t_leftimg":"shopify:\/\/shop_images\/leaf-design.png","t_rightimg":"shopify:\/\/shop_images\/circle-design.png","c_img":"shopify:\/\/shop_images\/circle-design.png","c_img1":"shopify:\/\/shop_images\/circle-design.png","c_img2":"shopify:\/\/shop_images\/leaf2_43e63697-002f-4baf-914d-30f33d0972a4.png","c_img3":"shopify:\/\/shop_images\/leaf-design.png","b_img":"shopify:\/\/shop_images\/circle-design.png","b_img1":"shopify:\/\/shop_images\/leaf-design.png","b_img2":"shopify:\/\/shop_images\/circle-design.png","b_img3":"shopify:\/\/shop_images\/leaf-design.png","b_img4":"shopify:\/\/shop_images\/leaf2_43e63697-002f-4baf-914d-30f33d0972a4.png","b_img5":"shopify:\/\/shop_images\/leaf2_43e63697-002f-4baf-914d-30f33d0972a4.png","p_img":"shopify:\/\/shop_images\/circle-design.png","p_img1":"shopify:\/\/shop_images\/circle-design.png","p_img2":"shopify:\/\/shop_images\/circle-design.png","p_img3":"shopify:\/\/shop_images\/circle-design.png","p_img4":"shopify:\/\/shop_images\/leaf2_43e63697-002f-4baf-914d-30f33d0972a4.png","p_img5":"shopify:\/\/shop_images\/circle-design.png","p_img6":"shopify:\/\/shop_images\/leaf-design.png","p_img7":"shopify:\/\/shop_images\/circle-design.png","third_color":"#788c6d","four_color":"#01170d","grey_color":"#b4b4b4","red_color":"#fe4d4d","back_img":"shopify:\/\/shop_images\/upload.png","Four_color":"#01170d","sections":{"header":{"type":"header","blocks":{"ec360094-25b9-4097-b7d6-2a601c7a2249":{"type":"link-4linklists","settings":{"title":"All Products","link":"","diffclassname":"","link_title1":"Coffee Accessories","links_1":"accessories","link_title2":"Cups & Mugs","links_2":"cups-mugs","link_title3":"Coffee Makers & Grinder","links_3":"coffee-makers","image":"shopify:\/\/shop_images\/menu-product.png","imageblink":"shopify:\/\/collections\/all"}},"957a2ca2-c62c-4ae5-ae5b-7124b60f7970":{"type":"link-linklist","settings":{"title":"Pages","link":"","diffclassname":"","links":"pages"}},"1f08f376-3ea5-4c95-96cb-d9d9e2b8a3db":{"type":"link-linklist","settings":{"title":"Blog","link":"","diffclassname":"","links":"blogs"}},"38eb011e-e5f4-4b1b-86c3-122726b290ca":{"type":"link-simple","settings":{"title":"Roasted Coffee","link":"shopify:\/\/collections\/capsulated-coffee","diffclassname":""}},"569c216d-2a62-469a-9d85-cc50691dae0c":{"type":"link-simple","settings":{"title":"All collections","link":"shopify:\/\/collections","diffclassname":""}},"ab588492-be46-4a5a-9f1f-45d5eb123735":{"type":"mob-link-linklist","settings":{"title":"Shop All","diffclassname":"","links":"main-menu"}},"ac231ca6-d86c-4a89-8a8a-1d74ccc3582d":{"type":"mob-link-linklist","settings":{"title":"Blog","diffclassname":"","links":"blogs"}},"c8fb5cfc-1aa2-487c-817f-0e245294a919":{"type":"mob-link-simple","settings":{"title":"All Collection","link":"shopify:\/\/collections","diffclassname":""}},"f92e783a-7f08-41af-bf40-11d78c9619c6":{"type":"mob-link-simple","settings":{"title":"About Us","link":"shopify:\/\/pages\/about-us","diffclassname":""}},"13cb596f-fb44-4cf2-827b-7a1fcec6988b":{"type":"mob-link-simple","settings":{"title":"Contact Us","link":"shopify:\/\/pages\/contact-with-us","diffclassname":""}}},"block_order":["ec360094-25b9-4097-b7d6-2a601c7a2249","957a2ca2-c62c-4ae5-ae5b-7124b60f7970","1f08f376-3ea5-4c95-96cb-d9d9e2b8a3db","38eb011e-e5f4-4b1b-86c3-122726b290ca","569c216d-2a62-469a-9d85-cc50691dae0c","ab588492-be46-4a5a-9f1f-45d5eb123735","ac231ca6-d86c-4a89-8a8a-1d74ccc3582d","c8fb5cfc-1aa2-487c-817f-0e245294a919","f92e783a-7f08-41af-bf40-11d78c9619c6","13cb596f-fb44-4cf2-827b-7a1fcec6988b"],"settings":{"logo":"shopify:\/\/shop_images\/Coffee.png","headline_url":"shopify:\/\/collections\/all","headline":"Order Now"}},"footer":{"type":"footer","blocks":{"bcb12183-2656-424d-b45c-08ebd80418e1":{"type":"text","settings":{"heading":"Shop","menu":"footer"}},"6e5cbc3b-1442-41f9-874b-745ed2d3f99f":{"type":"text","settings":{"heading":"Account","menu":"main-menu"}}},"block_order":["bcb12183-2656-424d-b45c-08ebd80418e1","6e5cbc3b-1442-41f9-874b-745ed2d3f99f"],"settings":{"limg":"shopify:\/\/shop_images\/leftcoffee_871049af-0791-4b55-9559-64473221a9cc.png","rimg":"shopify:\/\/shop_images\/footer-right.png","fimg":"shopify:\/\/shop_images\/CoffeeStore.png","title":"A cup of coffee, a <b> moment of your time <\/b>","desc":"As the coffee shop market becomes more popular, the number of cafe websites is growing. The internet and social media play an important role in finding new customers."}},"main-password-header":{"type":"main-password-header","settings":{"logo":"shopify:\/\/shop_images\/CoffeeStore.png"}},"main-password-footer":{"type":"main-password-footer","settings":{}},"recommendations-product":{"type":"recommendations-product","blocks":{"854c9f44-d80f-4588-9782-987523ac9da2":{"type":"text_block","settings":{"add_product":"bean-envy-coffee-canister","product_location":"Tumut Australia","product_time":"36 mins Ago"}},"4286313c-58e4-4c1c-a069-e1107f565150":{"type":"text_block","settings":{"add_product":"coffee-grinder-electric","product_location":"N'Djamena Chad","product_time":"50 mins Ago"}},"8b6b340b-b75f-42ed-8a04-b3d945a81133":{"type":"text_block","settings":{"add_product":"coffee-mixer-for-cappuccino","product_location":"Le Pallet France","product_time":"20 mins Ago"}}},"block_order":["854c9f44-d80f-4588-9782-987523ac9da2","4286313c-58e4-4c1c-a069-e1107f565150","8b6b340b-b75f-42ed-8a04-b3d945a81133"],"settings":{"show_notification":true,"product_title":"Someone purchased","delay_time":"3000"}}},"content_for_index":[]}}