[{"name":"theme_info","theme_name":"style","theme_version":"6.2.0","theme_author":"Shopify","theme_documentation_url":"https:\/\/help.shopify.com\/manual\/online-store\/themes","theme_support_url":"https:\/\/support.shopify.com\/"},{"name":"t:settings_schema.Pre-Loader.name","settings":[{"type":"header","content":"Pre-loader"},{"type":"checkbox","id":"display_preloader","label":"t:settings_schema.Pre-Loader.settings.display_preloader"},{"type":"image_picker","id":"pre_loader_img","label":"t:settings_schema.Pre-Loader.settings.pre_loader_img"},{"type":"color","id":"preloader_bg","label":"t:settings_schema.Pre-Loader.settings.preloader_bg","default":"#fff"}]},{"name":"t:settings_schema.favicon.name","settings":[{"type":"image_picker","id":"favicon","label":"t:settings_schema.favicon.settings.favicon.label","info":"t:settings_schema.favicon.settings.favicon.info"}]},{"name":"Typography","settings":[{"type":"select","id":"body_font","label":"text font","options":[{"value":"Google+Arvo","label":"Arvo","group":"Google Web Fonts"},{"value":"Google+Cabin","label":"Cabin","group":"Google Web Fonts"},{"value":"Google+Droid+Sans","label":"Droid Sans","group":"Google Web Fonts"},{"value":"Google+Dela+Gothic+One","label":"Dela Gothic One","group":"Sans-serif"},{"value":"Inter","label":"Inter","group":"Sans-serif"},{"value":"Google+Josefin+Slab","label":"Josefin Slab","group":"Google Web Fonts"},{"value":"Google+Josefin+Sans","label":"Josefin Sans","group":"Google Web Fonts"},{"value":"Google+Jost","label":"Jost","group":"Sans-serif"},{"value":"Google+Lato","label":"Lato","group":"Google Web Fonts"},{"value":"Google+Montserrat","label":"Montserrat","group":"Google Web Fonts"},{"value":"Google+Mulish","label":"Mulish","group":"Sans-serif"},{"value":"Google+Open+Sans","label":"Open Sans","group":"Google Web Fonts"},{"value":"Google+Oswald","label":"Oswald","group":"Google Web Fonts"},{"value":"Google+Outfit","label":"Outfit","group":"Sans-serif"},{"value":"Google+Poppins","label":"Poppins","group":"Sans-serif"},{"value":"Google+Playfair+Display","label":"Playfair Display","group":"Serif"},{"value":"Google+Raleway","label":"Raleway","group":"Google Web Fonts"},{"value":"Google+Roboto","label":"Roboto","group":"Sans-serif"},{"value":"Google+Roboto+Slab","label":"Roboto Slab","group":"Sans-serif"},{"value":"Google+Sora","label":"Sora","group":"Sans-serif"},{"value":"'Times New Roman', Times, serif","label":"Times New Roman","group":"Serif"},{"value":"Work Sans","label":"Work Sans","group":"Sans-serif"}]},{"type":"select","id":"base_font","label":"text font","options":[{"value":"Google+Arvo","label":"Arvo","group":"Google Web Fonts"},{"value":"Google+Cabin","label":"Cabin","group":"Google Web Fonts"},{"value":"Google+Droid+Sans","label":"Droid Sans","group":"Google Web Fonts"},{"value":"Google+Dela+Gothic+One","label":"Dela Gothic One","group":"Sans-serif"},{"value":"Inter","label":"Inter","group":"Sans-serif"},{"value":"Google+Josefin+Slab","label":"Josefin Slab","group":"Google Web Fonts"},{"value":"Google+Josefin+Sans","label":"Josefin Sans","group":"Google Web Fonts"},{"value":"Google+Jost","label":"Jost","group":"Sans-serif"},{"value":"Google+Kanit","label":"Kanit","group":"Sans-serif"},{"value":"Google+Lato","label":"Lato","group":"Google Web Fonts"},{"value":"Google+Montserrat","label":"Montserrat","group":"Google Web Fonts"},{"value":"Google+Mulish","label":"Mulish","group":"Sans-serif"},{"value":"Google+Open+Sans","label":"Open Sans","group":"Google Web Fonts"},{"value":"Google+Oswald","label":"Oswald","group":"Google Web Fonts"},{"value":"Google+Outfit","label":"Outfit","group":"Sans-serif"},{"value":"Google+Poppins","label":"Poppins","group":"Sans-serif"},{"value":"Google+Playfair+Display","label":"Playfair Display","group":"Serif"},{"value":"Google+Raleway","label":"Raleway","group":"Google Web Fonts"},{"value":"Google+Roboto","label":"Roboto","group":"Sans-serif"},{"value":"Google+Roboto+Slab","label":"Roboto Slab","group":"Sans-serif"},{"value":"Google+Sora","label":"Sora","group":"Sans-serif"},{"value":"'Times New Roman', Times, serif","label":"Times New Roman","group":"Serif"},{"value":"Work Sans","label":"Work Sans","group":"Sans-serif"}]}]},{"name":"t:settings_schema.color.name","settings":[{"type":"color","id":"primary_color","label":"t:settings_schema.color.settings.primary_color"},{"type":"color","id":"secondary_color","label":"t:settings_schema.color.settings.secondary_color"},{"type":"color","id":"primary_font","label":"t:settings_schema.color.settings.primary_font"},{"type":"color","id":"secondary_font","label":"t:settings_schema.color.settings.secondary_font"},{"type":"color","id":"blue","label":"t:settings_schema.color.settings.third_font"},{"type":"color","id":"brown","label":"t:settings_schema.color.settings.four_font"},{"type":"color","id":"border_color","label":"t:settings_schema.color.settings.border_color"}]},{"name":"Newsletter","settings":[{"type":"header","content":"Newsletter Widget"},{"type":"text","id":"mailchimp_form_action","label":"t:settings_schema.common.settings.mailchimp_form_action","info":"[Where do I find my MailChimp form action URL?](https:\/\/help.shopify.com\/manual\/using-themes\/change-the-layout\/theme-newsletter#add-a-mailchimp-newsletter-form-to-your-store-non-sectioned-themes-specific)"}]},{"name":"Popup Newsletter","settings":[{"type":"checkbox","id":"popup_newsletter_show","label":"Show Popup Newsletter","default":false},{"type":"text","id":"newsletter_title","label":"newsletter"},{"type":"text","id":"popup_newsletter_description","label":"Description"},{"type":"paragraph","content":"\"MailChimp form action URL\" You can find in tab \"Newsletter\""},{"type":"header","content":"Time Settings"}]},{"name":"Cookie Popup","settings":[{"type":"select","id":"cookie_style","label":"Cookie Position","options":[{"value":"full_bottom","label":"Display On Bottom Footer"},{"value":"bottom_to_right","label":"Display On Right Fix"},{"value":"bottom_to_left","label":"Display On Left Fix"},{"value":"bottom_fix","label":"Display On Bottom Fix"}]},{"type":"textarea","id":"cookie_desc","label":"Cookie Description","default":"By continuing use this site, you agree to the"},{"type":"text","id":"link_title","label":"Link Title","default":"Privacy Policy"},{"type":"url","id":"link_url","label":"Add Link"},{"type":"text","id":"c_btn_txt","label":"Button Text","default":"ok"}]},{"name":"t:settings_schema.social-media.name","settings":[{"type":"header","content":"t:settings_schema.social-media.settings.header.content"},{"type":"text","id":"social_twitter_link","label":"t:settings_schema.social-media.settings.social_twitter_link.label","info":"t:settings_schema.social-media.settings.social_twitter_link.info"},{"type":"text","id":"social_facebook_link","label":"t:settings_schema.social-media.settings.social_facebook_link.label","info":"t:settings_schema.social-media.settings.social_facebook_link.info"},{"type":"text","id":"social_instagram_link","label":"t:settings_schema.social-media.settings.social_instagram_link.label","info":"t:settings_schema.social-media.settings.social_instagram_link.info"},{"type":"text","id":"social_youtube_link","label":"t:settings_schema.social-media.settings.social_youtube_link.label","info":"t:settings_schema.social-media.settings.social_youtube_link.info"}]},{"name":"t:settings_schema.search_input.name","settings":[{"type":"header","content":"t:settings_schema.search_input.settings.header.content"},{"type":"checkbox","id":"predictive_search_enabled","default":true,"label":"t:settings_schema.search_input.settings.predictive_search_enabled.label"},{"type":"checkbox","id":"predictive_search_show_vendor","default":false,"label":"t:settings_schema.search_input.settings.predictive_search_show_vendor.label","info":"t:settings_schema.search_input.settings.predictive_search_show_vendor.info"},{"type":"checkbox","id":"predictive_search_show_price","default":false,"label":"t:settings_schema.search_input.settings.predictive_search_show_price.label","info":"t:settings_schema.search_input.settings.predictive_search_show_price.info"}]},{"name":"t:settings_schema.currency_format.name","settings":[{"type":"header","content":"t:settings_schema.currency_format.settings.content"},{"type":"paragraph","content":"t:settings_schema.currency_format.settings.paragraph"},{"type":"checkbox","id":"currency_code_enabled","label":"t:settings_schema.currency_format.settings.currency_code_enabled.label","default":true}]}]