{"sections":{"banner":{"type":"product-grid-banner","settings":{}},"product-grid":{"type":"main-collection-product-grid","settings":{"products_per_page":8,"show_secondary_image":false,"show_vendor":true,"show_review":true,"show_variants":true,"show_qty":true,"pro_img_widthheight":"306x203","enable_filtering":true,"enable_sorting":true,"collapse_on_larger_devices":false}},"f19a86a3-c28c-4ed9-9ee4-05e4aa4a5b82":{"type":"category-product","settings":{"subtitle":"Coffeestore","title":"Fresh roasted coffe <br> <b>with 24h delivery<\/b>","show_secondary_image":false,"show_vendor":true,"show_wish":true,"show_type":true,"show_variants":true,"pro_img_widthheight":"600x600","collection":"shop-product"}}},"order":["banner","product-grid","f19a86a3-c28c-4ed9-9ee4-05e4aa4a5b82"]}