{"sections":{"e97547a6-f33b-44d4-90ef-b8b784f07f21":{"type":"homeslider","blocks":{"a4a3aa9d-9a83-4316-95a4-4c140d5f402b":{"type":"image","settings":{"subtitle":"CoffeeStore","title":"Freshly roasted coffee <b>and barista accessories.<\/b>","desc":"Coffee that fuels your dreams. Life is short, stay awake for it. Coffee, Art, and Vintage. Fuel for your creativity.","btn":"Show products","btn_url":"shopify:\/\/products\/beaten-caffe-strong"}},"e02d2dbc-2072-4b54-9a8b-d30dc2376e8a":{"type":"image","settings":{"subtitle":"CoffeeStore","title":"Chocolate Coffee","desc":"Coffee that fuels your dreams. Life is short, stay awake for it. Coffee, Art, and Vintage. Fuel for your creativity.","btn":"Show products","btn_url":"shopify:\/\/products\/classic-overnight-cold-brew-bags"}},"1ad8e50d-7daf-4200-9007-02fabb86ec25":{"type":"image","settings":{"subtitle":"CoffeeStore","title":"Choose the origin of the coffee","desc":"Coffee that fuels your dreams. Life is short, stay awake for it. Coffee, Art, and Vintage. Fuel for your creativity.","btn":"Show products","btn_url":"shopify:\/\/products\/coffee-cafe-specials"}}},"block_order":["a4a3aa9d-9a83-4316-95a4-4c140d5f402b","e02d2dbc-2072-4b54-9a8b-d30dc2376e8a","1ad8e50d-7daf-4200-9007-02fabb86ec25"],"settings":{"nav":"CoffeeStore","video_url":"https:\/\/cdn.shopify.com\/videos\/c\/o\/v\/dcafb6d5c3d64b6b9871f4f37d64579c.mp4"}},"b32f6c33-7db4-4824-954f-07054ff1c807":{"type":"brand-logo","blocks":{"10001354-f32e-412a-812a-cfbb492f45be":{"type":"logo_image","settings":{"img":"shopify:\/\/shop_images\/Coffee_dark.png","link":""}},"8d4fc332-5d9f-41b1-b42e-d734c7974a3f":{"type":"logo_image","settings":{"img":"shopify:\/\/shop_images\/Coffee_dark.png","link":""}},"b2f4fc8b-4540-45ac-b3a8-f4d08fed9165":{"type":"logo_image","settings":{"img":"shopify:\/\/shop_images\/Coffee_dark.png","link":""}},"23b65345-8687-4953-892c-9bede0b2dbe4":{"type":"logo_image","settings":{"img":"shopify:\/\/shop_images\/Coffee_dark.png","link":""}},"17b9c2fa-0cea-484b-914e-66685e6fabde":{"type":"logo_image","settings":{"img":"shopify:\/\/shop_images\/Coffee_dark.png","link":""}},"22bbe7ac-7c35-455e-8184-a0fef4fbdbe4":{"type":"logo_image","settings":{"img":"shopify:\/\/shop_images\/Coffee_dark.png","link":""}},"1eb1860e-7433-4800-945a-da4c0c482927":{"type":"logo_image","settings":{"img":"shopify:\/\/shop_images\/Coffee_dark.png","link":""}},"d3833405-1530-456d-ac24-dcd4a4988d8a":{"type":"logo_image","settings":{"img":"shopify:\/\/shop_images\/Coffee_dark.png","link":""}}},"block_order":["10001354-f32e-412a-812a-cfbb492f45be","8d4fc332-5d9f-41b1-b42e-d734c7974a3f","b2f4fc8b-4540-45ac-b3a8-f4d08fed9165","23b65345-8687-4953-892c-9bede0b2dbe4","17b9c2fa-0cea-484b-914e-66685e6fabde","22bbe7ac-7c35-455e-8184-a0fef4fbdbe4","1eb1860e-7433-4800-945a-da4c0c482927","d3833405-1530-456d-ac24-dcd4a4988d8a"],"settings":{"subtitle":"CoffeeStore","title":"Fresh roasted coffee <br> <b>with 24h delivery<\/b>","label":"PARTNERS"}},"4af06428-932b-4442-ac28-761680c1197f":{"type":"bestseller-product","blocks":{"b345df70-6d93-4d4c-a132-848235b20cd9":{"type":"collection","settings":{"cat_name":"All products","collection":"frontpage"}},"447e3188-0dde-4441-b0bb-8ca177d3b07e":{"type":"collection","settings":{"cat_name":"Roasted coffee","collection":"capsulated-coffee"}},"8d1f9ea4-f915-4b8e-8c32-8aed192b187e":{"type":"collection","settings":{"cat_name":"Coffee sets","collection":"coffee-accessories"}},"565ddce5-7c8e-4c33-948b-a34b9659aaea":{"type":"collection","settings":{"cat_name":"Cups & Mugs","collection":"cups-mugs"}},"9f12d328-1eb5-4b8e-b975-a929d86b2e4e":{"type":"collection","settings":{"cat_name":"Coffee makers and grinders","collection":"roast-grinders"}}},"block_order":["b345df70-6d93-4d4c-a132-848235b20cd9","447e3188-0dde-4441-b0bb-8ca177d3b07e","8d1f9ea4-f915-4b8e-8c32-8aed192b187e","565ddce5-7c8e-4c33-948b-a34b9659aaea","9f12d328-1eb5-4b8e-b975-a929d86b2e4e"],"settings":{"limg":"shopify:\/\/shop_images\/leftcoffee.png","btn_url":"shopify:\/\/collections","btn":"Show more products","show_secondary_image":false,"show_vendor":true,"show_wish":true,"show_type":true,"show_variants":true,"pro_img_widthheight":"600x600"}},"cff8a77a-d221-4684-85d0-890713bb77a1":{"type":"product-banner","settings":{"video_url":"https:\/\/cdn.shopify.com\/videos\/c\/o\/v\/42d5f1e5bc7f40b0b2c6c783760c4d85.mp4","subtitle":"CoffeeStore","title":"The best coffee is the one you like the most","desc":"As the coffee shop market becomes more popular, the number of cafe websites is growing. The internet and social media play an important role in finding new customers.","btn_url":"shopify:\/\/collections\/all","btn":"Show Products","show_secondary_image":false,"show_vendor":true,"show_wish":true,"show_type":true,"show_variants":true,"pro_img_widthheight":"600x600","product":"bean-envy-coffee-canister","product1":"burr-coffee-grinder"}},"43576fc0-7509-439c-8db5-631f65d057cf":{"type":"testimonials","blocks":{"b0df2ac9-1424-43fb-919c-786aed3e7902":{"type":"text","settings":{"c_name":"Spain","proimg_1":"shopify:\/\/shop_images\/5.png","subtitle_1":"Chocolate brew","title_1":"Excellent service!","desc_1":"These are just a few examples of the many positive testimonials that coffee has received. If you're looking for a delicious and invigorating cup of coffee.","author_1":"John Doe","designation_1":"Client","img_1":"shopify:\/\/shop_images\/stars-white.png","review_1":"4.5","proimg_2":"shopify:\/\/shop_images\/4.png","subtitle_2":"Chocolate brew","title_2":"Perfection in Every!","desc_2":"From the first moment I tasted the coffee from [Coffee Company Name], I knew I had discovered something truly special.","author_2":"Jessica","designation_2":"Client","img_2":"shopify:\/\/shop_images\/stars-white.png","review_2":"4.5","proimg_3":"shopify:\/\/shop_images\/2.png","subtitle_3":"Chocolate brew","title_3":"Pure Satisfaction!","desc_3":"The anticipation built as I lifted the cup to my lips, and with that initial taste, my senses were awakened in a way I had never experienced before.","author_3":"Johnson","designation_3":"Client","img_3":"shopify:\/\/shop_images\/stars-white.png","review_3":"4.5","proimg_4":"shopify:\/\/shop_images\/1.png","subtitle_4":"Chocolate brew","title_4":"Experiencing Coffee!","desc_4":"The coffee itself was a symphony of flavors, intricately woven together to create a harmonious balance.","author_4":"Sara","designation_4":"client","img_4":"shopify:\/\/shop_images\/stars-white.png","review_4":"4.5"}},"448e4586-8ea4-4e52-a6f2-486bea576e7c":{"type":"text","settings":{"c_name":"Ukraine","proimg_1":"shopify:\/\/shop_images\/3.png","subtitle_1":"Chocolate brew","title_1":"A Cup of Pure Joy!","desc_1":"I love the atmosphere at Taste & See Coffee Shop and Gallery. It's the perfect place to relax and enjoy a cup of coffee.","author_1":"Roberts","designation_1":"Client","img_1":"shopify:\/\/shop_images\/stars-white.png","review_1":"4.5","proimg_2":"shopify:\/\/shop_images\/6.png","subtitle_2":"Chocolate brew","title_2":"Coffee Perfection!","desc_2":"Every sip is a journey of flavor, crafted with passion and expertise. The aroma alone is enough to transport me to relaxation.","author_2":"Sarah","designation_2":"Client","img_2":"shopify:\/\/shop_images\/stars-white.png","review_2":"4.5","proimg_3":"shopify:\/\/shop_images\/2_bee4c903-5355-40f6-823c-87d68dfa396f.png","subtitle_3":"Chocolate brew","title_3":"Nirvana Coffee!","desc_3":"a world of endless coffee options, there's one that stands above the rest, captivating my taste buds and fueling my daily adventures.","author_3":"Simmons","designation_3":"Client","img_3":"shopify:\/\/shop_images\/stars-white.png","review_3":"4.5","proimg_4":"shopify:\/\/shop_images\/4.png","subtitle_4":"Chocolate brew","title_4":"Great Coffee!","desc_4":"It had a smoothness that caressed my tongue, with no bitter aftertaste to detract from the enjoyment.","author_4":"John Smith","designation_4":"Client","img_4":"shopify:\/\/shop_images\/stars-white.png","review_4":"4.5"}},"5c4504dd-f5b9-4684-8329-f415cfb5aef8":{"type":"text","settings":{"c_name":"India","proimg_1":"shopify:\/\/shop_images\/5.png","subtitle_1":"Chocolate brew","title_1":"Exceptional Coffee!","desc_1":"Coffee is a beverage prepared from roasted coffee beans. Darkly colored, bitter, and slightly acidic, coffee has a stimulating effect on humans, primarily due to its caffeine content.","author_1":"Thompson","designation_1":"Client","img_1":"shopify:\/\/shop_images\/stars-white.png","review_1":"4.5","proimg_2":"shopify:\/\/shop_images\/1.png","subtitle_2":"Chocolate brew","title_2":"Coffee Boosts!","desc_2":"it was the entire experience. The attention to detail and commitment to quality were evident in every aspect.","author_2":"Emma","designation_2":"Client","img_2":"shopify:\/\/shop_images\/stars-white.png","review_2":"4.5","proimg_3":"shopify:\/\/shop_images\/2.png","subtitle_3":"Chocolate brew","title_3":"Divine service!","desc_3":"Each sip revealed new layers of complexity, with undertones of fruit and a subtle nuttiness that added depth and character.","author_3":"Jack","designation_3":"Client","img_3":"shopify:\/\/shop_images\/stars-white.png","review_3":"4.5","proimg_4":"shopify:\/\/shop_images\/3.png","subtitle_4":"Chocolate brew","title_4":"Flavors of Coffee!","desc_4":"I knew I had discovered something extraordinary. The aroma alone was intoxicating, filling the room with notes of caramel and hints of chocolate.","author_4":"Anderson","designation_4":"Client","img_4":"shopify:\/\/shop_images\/stars-white.png","review_4":"4.5"}},"ee699111-b60d-4c0f-a24e-8818c30bf145":{"type":"text","settings":{"c_name":"United Kingdom","proimg_1":"shopify:\/\/shop_images\/3.png","subtitle_1":"Chocolate brew","title_1":"A Coffee Journey!","desc_1":"Seeds of the Coffea plant's fruits are separated to produce unroasted green coffee beans. The beans are roasted and then ground .","author_1":"Grace","designation_1":"Client","img_1":"shopify:\/\/shop_images\/stars-white.png","review_1":"4.5","proimg_2":"shopify:\/\/shop_images\/2_bee4c903-5355-40f6-823c-87d68dfa396f.png","subtitle_2":"Chocolate brew","title_2":"Productivity Coffee!","desc_2":"From the ethically sourced beans to the meticulous roasting process, it was clear that this coffee was crafted with care and passion.","author_2":"Miller","designation_2":"Client","img_2":"shopify:\/\/shop_images\/stars-white.png","review_2":"4.5","proimg_3":"shopify:\/\/shop_images\/5.png","subtitle_3":"Chocolate brew","title_3":"The Daily Ritual!","desc_3":"the way they engage with their customers. The baristas are knowledgeable and enthusiastic.","author_3":"Stevens","designation_3":"Client","img_3":"shopify:\/\/shop_images\/stars-white.png","review_3":"4.5","proimg_4":"shopify:\/\/shop_images\/1.png","subtitle_4":"Chocolate brew","title_4":"Joy and Energy!","desc_4":"As an avid coffee lover, I am delighted to share my heartfelt testimonial about the exceptional coffee.","author_4":"Sanchez","designation_4":"Client","img_4":"shopify:\/\/shop_images\/stars-white.png","review_4":"4.5"}},"c72a441e-6494-437a-a22a-ae7a751d9ff0":{"type":"text","settings":{"c_name":"Poland","proimg_1":"shopify:\/\/shop_images\/1.png","subtitle_1":"Chocolate brew","title_1":"Coffee Bliss!","desc_1":"Though coffee is now a global commodity, it has a long history tied closely to food traditions around the Red Sea.","author_1":"Turner","designation_1":"Client","img_1":"shopify:\/\/shop_images\/stars-white.png","review_1":"4.5","proimg_2":"shopify:\/\/shop_images\/5.png","subtitle_2":"Chocolate brew","title_2":"Finest Coffee!","desc_2":"I have experienced from [Coffee Company Name]. From the very first sip, their coffee has been a revelation.","author_2":"Williams","designation_2":"Client","img_2":"shopify:\/\/shop_images\/stars-white.png","review_2":"4.5","proimg_3":"shopify:\/\/shop_images\/6.png","subtitle_3":"Chocolate brew","title_3":"Embracing Coffee!","desc_3":"As the freshly brewed coffee permeates the air, its enticing fragrance fills the room.","author_3":"Smith","designation_3":"Client","img_3":"shopify:\/\/shop_images\/stars-white.png","review_3":"4.5","proimg_4":"shopify:\/\/shop_images\/2_bee4c903-5355-40f6-823c-87d68dfa396f.png","subtitle_4":"Chocolate brew","title_4":"Coffee Enjoyment!","desc_4":"It's as if each cup carries the essence of the coffee beans' journey, from the distant farms to my very own mug.","author_4":"Davidson","designation_4":"Client","img_4":"shopify:\/\/shop_images\/stars-white.png","review_4":"4.5"}}},"block_order":["b0df2ac9-1424-43fb-919c-786aed3e7902","448e4586-8ea4-4e52-a6f2-486bea576e7c","5c4504dd-f5b9-4684-8329-f415cfb5aef8","ee699111-b60d-4c0f-a24e-8818c30bf145","c72a441e-6494-437a-a22a-ae7a751d9ff0"],"settings":{"bg_img":"shopify:\/\/shop_images\/flying-coffee.png","subtitle":"CoffeeStore","title":"Fresh roasted coffee  <b>  with 24h delivery blogs<\/b>","desc":"Denver Biscuit cafe knows how to entice future customers. A video takes viewers all the way from the preparation of one of their desserts to the service.","btn_url":"shopify:\/\/collections","btn":"Show Products","heading":"Choose the origin of the coffee:"}},"aa98d079-15fe-428e-b7a2-291819935c1c":{"type":"shop-product","settings":{"subtitle":"CoffeeStore","title":"Coffee Shop Best   Discount ‘s Product","btn_url":"shopify:\/\/collections\/shop-product","btn":"Show more products","show_secondary_image":false,"show_vendor":true,"show_wish":true,"show_type":true,"show_variants":true,"pro_img_widthheight":"600x600","collection":"shop-product"}},"84237d7a-6026-481f-a966-f5a23ccf91b3":{"type":"special-product","settings":{"bg_img":"shopify:\/\/shop_images\/flying-coffee.png","subtitle":"CoffeeStore","title":"Coffee Shop  Best Seller Product","desc":"Coffee is a drink prepared from roasted coffee beans. Darkly colored, bitter, and slightly acidic, coffee has a stimulating effect on humans, primarily due to its caffeine content.","btn_url":"shopify:\/\/products\/coffee-cafe-specials","btn":"Show Products","img":"shopify:\/\/shop_images\/Cup-of-CoffeeH03.png","show_secondary_image":false,"show_vendor":true,"show_wish":true,"show_type":true,"show_variants":true,"pro_img_widthheight":"600x600","product":"colombian-brew-hazelnut-instant"}},"93adc659-0337-4f62-a408-729fa6e6912b":{"type":"cms-email","settings":{"subtitle":"CoffeeStore","title":"<b>Subscribe newsletter<\/b> and  get -20% off","desc":"It is the most popular hot drink in the world. Seeds of the Coffea plant's fruits are separated to produce unroasted green coffee beans.","img":"shopify:\/\/shop_images\/Subscribe-banner.png"}},"1010d81f-47d6-47cf-9a4d-1903b37e6103":{"type":"featured-blog","settings":{"bg_img":"shopify:\/\/shop_images\/leftcoffee.png","subtitle":"CofferrStore","title":"Fresh roasted coffee <br>Blogs","desc":"Coffee is a beverage brewed from the roasted and ground seeds of the tropical evergreen coffee plant.","btn_url":"shopify:\/\/blogs\/coffee","btn":"Show Blogs","blog":"coffee","post_limit":"4","blog_show_date":true}}},"order":["e97547a6-f33b-44d4-90ef-b8b784f07f21","b32f6c33-7db4-4824-954f-07054ff1c807","4af06428-932b-4442-ac28-761680c1197f","cff8a77a-d221-4684-85d0-890713bb77a1","43576fc0-7509-439c-8db5-631f65d057cf","aa98d079-15fe-428e-b7a2-291819935c1c","84237d7a-6026-481f-a966-f5a23ccf91b3","93adc659-0337-4f62-a408-729fa6e6912b","1010d81f-47d6-47cf-9a4d-1903b37e6103"]}