{"sections":{"main":{"type":"main-page","settings":{"description":"With that in mind, we strive to deliver accurate, trustworthy, and engaging content to our users. Our team of experts, researchers, and writers work tirelessly to curate high-quality articles, guides, and resources that cover various domains such as technology, science, health, business, and more."}},"form":{"type":"contact-form","settings":{"mobile_title":"Call us","mobile":"+48 0021-32-12","address_title":"ADDRESS:","address":"1093 Marigold Lane,<br> Coral Way, Miami,<br> Florida, 33169","email_title":"EMAIL:","email":"shop@company.com","cntform":"Contact  form","map_height":"400px","map_api_key":"AIzaSyDS1A1NkVZlfNpumO5nQlAPEKFjyxcvuWs","map_type":"ROADMAP","map_address":"india"}}},"order":["main","form"]}