{"sections":{"main-page":{"type":"main-page","settings":{"description":"At our coffee establishment, we are passionate about providing you with an exceptional coffee experience. We source the finest beans, uphold rigorous quality standards, and prioritize sustainability throughout our supply chain."}},"main":{"type":"main-aboutus","blocks":{"33308ff1-cde0-487e-b237-a505018d7131":{"type":"text","settings":{"title":"Fast  delivery","desc":"The specific delivery time will vary depending on the shipping address and the selected delivery option. Customers can track their order online to see the estimated.","img":"shopify:\/\/shop_images\/1_68a88dd2-3c7a-415c-88d7-225023935eeb.png"}},"812336c1-da3d-458b-bcf4-c6965552360c":{"type":"text","settings":{"title":"Many    offers","desc":"CMS also offers a variety of training and technical assistance to help providers and state agencies meet their responsibilities under Medicare, Medicaid, and SCHIP.","img":"shopify:\/\/shop_images\/2_635e685f-16b2-4cf9-b5a0-9a81c6717adc.png"}},"92f1a250-7af6-44be-bbee-476eecf287a1":{"type":"text","settings":{"title":"24\/7   support","desc":"CMS Service support is available 24 hours a day, 7 days a week. You can reach them by phone, email, or chat. Here are the contact information for CMS Service support:","img":"shopify:\/\/shop_images\/3_c8bc6721-9f41-4513-a79a-31f883b7a1e2.png"}}},"block_order":["33308ff1-cde0-487e-b237-a505018d7131","812336c1-da3d-458b-bcf4-c6965552360c","92f1a250-7af6-44be-bbee-476eecf287a1"],"settings":{"title":"Exploring the World of Exquisite Coffee","desc":"Prepare to embark on a sensory journey as you delve into the captivating world of coffee. From the moment the beans are harvested to the final extraction, every step of the process is meticulously curated to deliver a truly exceptional cup of coffee.\n\nExperience the tantalizing aroma that fills the air as coffee beans are skillfully roasted to perfection. Our expert roasters carefully select the finest beans from around the world, each one bursting with its own unique flavors and characteristics. Whether you prefer a smooth and balanced blend or a bold and robust single-origin coffee, we have the perfect brew to tantalize your taste buds.","desc1":"Discover the joy of brewing your own cup of coffee at home. From traditional brewing methods like pour-over and French press to cutting-edge techniques like espresso machines and capsule systems, we offer a range of brewing options to suit every preference. Unleash your inner barista as you experiment with different brewing ratios, temperatures, and extraction times to create your perfect cup of coffee.\n\nIndulge in the rich, velvety texture of a perfectly steamed latte or revel in the decadence of a creamy cappuccino. Our talented baristas are masters of their craft, meticulously crafting each cup with precision and artistry. They understand the nuances of coffee extraction, milk frothing, and latte art, ensuring that every sip is a moment of pure delight.","m_title":"Coffee Connoisseur's Haven: Indulge in the Finest Brews","title_1":"the Art of Exceptional Coffee","desc_1":"Explore the diverse flavors and profiles of coffee from various regions across the globe. From the earthy notes of Indonesian beans to the fruity undertones of African coffees, each origin tells a unique story that is waiting to be savored. Embark on a flavor adventure and expand your palate as you discover the nuances and complexities of coffee from different terroirs.\n\nCoffee is more than just a beverage; it's a catalyst for connection and conversation. Whether you're enjoying a quiet moment of solitude or engaging in lively discussions with friends, coffee has a way of bringing people together. Create cherished memories as you share a cup of coffee, exchanging stories, laughter, and warmth.","desc1_1":"At our coffee establishment, we are passionate about providing you with an exceptional coffee experience. We source the finest beans, uphold rigorous quality standards, and prioritize sustainability throughout our supply chain. Every cup of coffee is a testament to our commitment to excellence and our love for this remarkable beverage.","img":"shopify:\/\/shop_images\/abt-1.jpg","title_2":"A Journey into the Richness of Coffee","desc_2":"Immerse yourself in the art of brewing perfection as we guide you through a range of brewing methods that unlock the full potential of each coffee bean. Whether you prefer the classic richness of a pour-over, the convenience of a capsule system, or the intense flavors of espresso, we have the tools and knowledge to help you create a cup that suits your preferences.\nIndulge your palate in a symphony of flavors as you explore our diverse coffee offerings. From velvety dark roasts with notes of chocolate and caramel to vibrant single-origin beans with fruity undertones, there is a blend to cater to every discerning taste.","desc2_1":"Each sip is a journey that unravels layers of complexity, inviting you to savor the nuances that make each coffee unique.our coffee offerings cater to every occasion. Elevate your coffee experience and embrace the rituals that transform a simple cup into a moment of blissful indulgence.","img1":"shopify:\/\/shop_images\/abt-2.jpg","s_title":"About our services","s_desc":"The style of an \"About Us\" page can vary depending on the company and its target audience. However, there are some general tips that can help you create a well-written and engaging \"About Us\" page."}}},"order":["main-page","main"]}