{"sections":{"main":{"type":"main-product","blocks":{"472b950c-ce5b-4274-8b86-3c6a7ce2cab6":{"type":"backbtn","settings":{}},"aab6b4cf-da23-4235-adcc-7d3733a62ce1":{"type":"pro_wish","settings":{}},"1ac9c940-51a3-4903-aaef-a679281b6f48":{"type":"vendor","settings":{}},"38030268-97bd-4e13-ab0a-8941cd01ece8":{"type":"title","settings":{}},"72735c6e-2940-4c25-a1fb-c5777bd437e3":{"type":"variant_picker","settings":{"picker_type":"dropdown"}},"bfb87ade-8aed-4c1a-bfcc-7230602263a7":{"type":"pro_count","settings":{}},"e05ff335-6027-4afb-9806-f5e765906bab":{"type":"description","settings":{}},"4158aa37-1877-4fec-bebd-9025dde91d35":{"type":"quantity_selector","settings":{}},"8ad57d73-1abe-445a-b1bd-b88e139fa3b6":{"type":"price","settings":{}},"af53d701-e076-49e7-931e-5fcdca0e9980":{"type":"pro_btn","settings":{}}},"block_order":["472b950c-ce5b-4274-8b86-3c6a7ce2cab6","aab6b4cf-da23-4235-adcc-7d3733a62ce1","1ac9c940-51a3-4903-aaef-a679281b6f48","38030268-97bd-4e13-ab0a-8941cd01ece8","72735c6e-2940-4c25-a1fb-c5777bd437e3","bfb87ade-8aed-4c1a-bfcc-7230602263a7","e05ff335-6027-4afb-9806-f5e765906bab","4158aa37-1877-4fec-bebd-9025dde91d35","8ad57d73-1abe-445a-b1bd-b88e139fa3b6","af53d701-e076-49e7-931e-5fcdca0e9980"],"settings":{"pro_img_widthheight":"600x600","pro_thumb_img_widthheight":"600x600","subtitle":"CoffeeStore","title":"Description","img":"shopify:\/\/shop_images\/abt-2.jpg","rimg":"shopify:\/\/shop_images\/flying-coffee.png","sizechart_enable":true,"size_lable":"Sizing Guide","sizechart_info":"<thead>\n                            <tr>\n                                <th scope=\"col\">Device<\/th>\n                                <th scope=\"col\">White<\/th>\n                                <th scope=\"col\">Black<\/th>\n                                <th scope=\"col\">Red<\/th>\n                                <th scope=\"col\">Green<\/th> \n                            <\/tr>\n                        <\/thead>\n                        <tbody>\n                            <tr>\n                                <td data-label=\"Device\">Chair<\/td>\n                                <td data-label=\"White\">14-14.5<\/td>\n                                <td data-label=\"Black\">15-15.5<\/td>\n                                <td data-label=\"Red\">16-16.5<\/td>\n                                <td data-label=\"Green\">17-17.5<\/td>\n                            <\/tr>\n                            <tr>\n                                <td data-label=\"Device\" class=\"bg-gray\">Moniter<\/td>\n                                <td data-label=\"White\" class=\"bg-gray\">14-14.5<\/td>\n                                <td data-label=\"Black\" class=\"bg-gray\">15-15.5<\/td>\n                                <td data-label=\"Red\" class=\"bg-gray\">16-16.5<\/td>\n                                <td data-label=\"Green\" class=\"bg-gray\">17-17.5<\/td>\n                            <\/tr>\n                            <tr>\n                                <td data-label=\"Device\">Keycaps<\/td>\n                                <td data-label=\"White\">14-14.5<\/td>\n                                <td data-label=\"Black\">15-15.5<\/td>\n                                <td data-label=\"Red\">16-16.5<\/td>\n                                <td data-label=\"Green\">17-17.5<\/td>\n                            <\/tr>\n                            <tr>\n                                <td data-label=\"Device\" class=\"bg-gray\">CPU<\/td>\n                                <td data-label=\"White\" class=\"bg-gray\">14-14.5<\/td>\n                                <td data-label=\"Black\" class=\"bg-gray\">15-15.5<\/td>\n                                <td data-label=\"Red\" class=\"bg-gray\">16-16.5<\/td>\n                                <td data-label=\"Green\" class=\"bg-gray\">17-17.5<\/td>\n                            <\/tr>\n                            <tr>\n                                <td data-label=\"Device\">Mouse<\/td>\n                                <td data-label=\"White\">14-14.5<\/td>\n                                <td data-label=\"Black\">15-15.5<\/td>\n                                <td data-label=\"Red\">16-16.5<\/td>\n                                <td data-label=\"Green\">17-17.5<\/td>\n                            <\/tr>\n                        <\/tbody>"}},"a666d15f-3aaf-4977-ad7f-57631633c6d6":{"type":"product-banner","settings":{"video_url":"https:\/\/cdn.shopify.com\/videos\/c\/o\/v\/d07af386638640c5be2b435380d446de.mp4","subtitle":"CoffeeStore","title":"The best coffee is the one you like the most","desc":"As the coffee shop market becomes more popular, the number of cafe websites is growing. The internet and social media play an important role in finding new customers.","btn_url":"shopify:\/\/collections","btn":"Show Products","show_secondary_image":false,"show_vendor":true,"show_wish":true,"show_type":true,"show_variants":true,"pro_img_widthheight":"600x600","product":"coffee-canister-6-stainless-steel","product1":"coffee-mugs-set-of-4-12-ounce-cups"}},"8f472bd7-d195-46d9-9210-5bd119c17612":{"type":"shop-product","settings":{"subtitle":"CoffeeStore","title":"Coffee Shop Best Discount ‘s Product","btn_url":"shopify:\/\/collections\/shop-product","btn":"Show more products","show_secondary_image":false,"show_vendor":true,"show_wish":true,"show_type":true,"show_variants":true,"pro_img_widthheight":"600x600","collection":"shop-product"}}},"order":["main","a666d15f-3aaf-4977-ad7f-57631633c6d6","8f472bd7-d195-46d9-9210-5bd119c17612"]}